Subtitle,Institution,Specific Graduate Program,Restrictions,City,State
"Richmond, The American International University in London",,Master in Art History,2,98,
"University of Colorado, Boulder",,46,,114,24
"Texas A&M University, Commerce",,Physics,,105,11
"Devry University, Sandy Campus",,25,,Sandy,15
"New York Institute of Technology, Manhattan",,School of Management Master of Business Administration,,6,0
Lutheran School of Theology at Chicago,,44,2,31,27
"University of Phoenix, St. George Learning Center, St. George",,0,,St. George,15
Northwestern Polytechnic University,,Doctoral programs,,41,9
Clarkson University,,0,,Potsdam,0
"University of Phoenix, Sarpy Student Resource Center, Omaha",,0,,135,39
Saint Louis University,,John Cook School of Business,MBA,65,34
"Indiana University-Purdue University, Fort Wayne",,Richard Doermer School of Business and Management Sciences,,Fort Wayne,3
Fordham University,,15,0,6,0
"Devry University, Daly City Center",,25,,Daly City,9
George Washington University,,Elliot School of International Affairs,"Master of Business Administration, MSIST and Ph.D. Programs in School of Business and Public Management (no subscore below 6.0)",1,2
Northeastern Illinois University,,Linguistics Department,,31,27
Capella University (online),,18,,15,17
"University of Phoenix, Nogales Learning Center, Nogales",,0,,Nogales,5
Goshen College,,MA Intercultural Leadership,2,77,3
DePaul University,,College of Liberal Arts and Sciences,,31,27
"University of Phoenix, River Road Learning Center, Tucson",,0,,110,5
Fuller Theological Seminary,,Ph.D program,,74,9
Williams College,,Center for Development Economics,,Williamstown,7
"Auburn University, Auburn",,Harrison School of Pharmacy,,5,8
"California Baptist University, San Bernardino",,17,,San Bernardino,9
"University of Phoenix, Chula Vista Learning Center, Chula Vista",,0,,Chula Vista,9
"University of Phoenix, West Michigan Campus, Walker",,0,,Walker,4
Massachusetts Institute of Technology,,Department of Urban Studies/Planning,,85,7
"Devry University, San Antonio Campus",,25,,61,11
University of Houston,,37,2,7,11
"University of Phoenix, Bay Area - San Francisco Campus, San Jose",,0,,63,9
Rollins College,,Crummer Graduate School of Business,,Winter Park,32
"University of Phoenix, Memphis Campus, Cordova",,0,,Cordova,18
"University of Phoenix, Louisville Learning Center, Louisville",,0,,8,12
University of Houston,,College of Social Work,2,7,11
"University of Phoenix, Westshore Learning Center, Tampa",,0,,66,32
University of Pittsburgh,,School of Information Sciences,,17,16
University of New Haven,,M.S. Mechanical Engineering,,126,38
"California State University, Fullerton",,Masters in TESOL,,14,9
Virginia Polytechnic Institute and State University,,College of Natural Resources,Geospatial and Environmental Analysis Doctoral Program,146,23
Winthrop University,,39,,Rock Hill,22
Fordham University,,30,,6,0
"University of Phoenix, Fort Collins Learning Center, Fort Collins",,0,,26,24
Rider University,,39,,Lawrenceville,13
"University of Phoenix, San Marcos Learning Center, San Marcos",,0,,San Marcos,9
University of Pennsylvania,,School of Engineering & Applied Science,2,58,16
University of Dallas,,24,(Pre-Master of Business Administration),47,11
Northeastern University,,Bouve College of Health Sciences,,11,7
Massachusetts Institute of Technology,,Department of Architecture,"7.5 for Ph.D. History, Theory/Criticism of Architecture and Art (IELTS preferred)",85,7
Massachusetts Institute of Technology,,Comparative Media Studies,5,85,7
University of Portland,,60,,59,36
Carnegie Mellon University,,Civil & Environmental Engineering,,17,16
"University of Phoenix, Austin Campus, Austin",,0,,34,11
"University of Phoenix, North Alpharetta Learning Center, Alpharetta",,0,,Alpharetta,28
"Auburn University, Auburn","Auburn University, Montgomery",Masters of Real Estate Development,,5,8
Temple University,,27,,58,16
University of South Carolina,,13,2,130,22
University of Houston,,College of Hotel Management,2,7,11
University of Puget Sound,,School of Physical Therapy,,93,29
Texas Christian University,,Neely School of Business,,106,11
Loma Linda University,,7,,81,9
"Devry University, Kansas City Campus",,25,,49,34
"University of Phoenix, Warrenville Learning Center, Warrenville",,0,,Warrenville,27
"University of Phoenix, Wyoming Campus, Cheyenne",,0,,Cheyenne,WY
Maryland Institute College of Art,,Rinehart School of Sculpture,2,79,30
University of Pennsylvania,,36,7.5 suggested,58,16
"University of Phoenix, Southwest Learning Center, Las Vegas",,0,,124,33
"University of Phoenix, Clarkesville Learning Center, Clarkeville",,0,,Clarkesville,18
"Texas A&M University, Commerce",,53,,105,11
University of New Haven,,M.S. Industrial Engineering,,126,38
"University of Phoenix, Northwest Indiana Campus, Merrilville",,0,,Merrilville,3
Doane College,,Master of Education- Educational Leadership,,68,37
Dominican University,,15,,69,27
New York Medical College,,Doctor of Public Health in Health Policy and Management (DrPH),,89,0
University of Puget Sound,,School of Occupational Therapy,,93,29
"University of Texas, Brownsville",,Master of Science in Physics,2,Brownsville,11
"University of Colorado, Boulder",,MBA,,114,24
"University of Phoenix, Milwaukee Campus, Brookville",,0,,82,1
University of Rhode Island,,College of Environmental and Life Sciences,2,140,41
"University of Phoenix, San Bernadino Learning Center, San Bernadino",,0,,San Bernadino,9
Trine University,,Master of Engineering,,Angola,3
Ohio Dominican University,,20,,16,10
"Devry University, Ft. Lauderdale Center",,25,,43,32
"Devry University, Louisville Campus",,25,,8,12
"Devry University, St. Louis Park Center",,25,,St.Louis,17
Goshen College,,MS Nursing,,77,3
Massachusetts Institute of Technology,,Computation for Design and Optimization,5,85,7
Illinois Institute of Technology,,College of Psychology,2,31,27
"Devry University, Glendale Center",,25,,44,5
"University of Maryland, Baltimore County",,Continuing & Professional Studies,Master of Science in Engineering Management: Contact school for score,79,30
"University of Phoenix, Livonia Learning Center, Livonia",,0,,Livonia,4
Vanderbilt University,,7,2,54,18
"Texas A&M University, College Station",,Mays Business School,,104,11
"University of Phoenix, Pinnacle Hills Learning Center, Rogers",,0,,134,6
"University of Phoenix, Yuma Learning Center, Yuma",,0,,Yuma,6
University of Pennsylvania,,School of Social Policy and Practice,,58,16
"University of Alabama, Birmingham",,13,,109,8
"University of Phoenix, Fox Valley Learning Center, Grand Chute",,0,,Grand Chute,1
Columbia University,,Fu Foundation School of Engineering and Applied Science,2,6,0
"California State University, Fullerton",,Master of Music,,14,9
"Devry University, Elgin Center",,25,,Elgin,27
"Baruch College, City University of New York (CUNY)",,Zicklin School of Business,,6,0
"University of Colorado, Denver",,33,,25,24
"University of Phoenix, Deleware Campus, Wilmington",,0,,127,26
Vanderbilt University,,3,2,54,18
"University of Phoenix, Southglen Learning Center, Centennial",,0,,Centennial,24
Massachusetts Institute of Technology,,System Design and Management,5,85,7
"Wheaton College, Illinois",,20,,147,27
University of Oregon,,Lundquist College of Business,9,128,36
Georgia State University,,College of Arts and Science,2,33,28
Northeastern University,,50,,11,7
University of San Francisco,,7,,75,9
New School (The),,20,,6,0
"University of Minnesota, Twin Cities",,64,,15,17
Bellarmine University,,W. Fielding Rubel School of Business,,8,12
"University of Phoenix, Murrietta Learning Center, Murrietta",,0,,Murrietta,9
"Devry University, Phoenix Campus",,25,,3,5
Virginia Polytechnic Institute and State University,,16,,146,23
"Devry University, Rego Park (Queens) Center",,25,,Rego Park,0
Massachusetts Institute of Technology,,Economics,6,85,7
University of Rhode Island,,Department of Communication Studies,2,140,41
Pace University,,Lienard School of Nursing,,6,0
"University of Phoenix, Cedar Rapids Student Learning Center, Cedar Rapids",,0,,Cedar Rapids,45
Doane College,,Master of Education- Curriculum and Development,,68,37
Pepperdine University,,Graziadio School of Business and Management,,96,9
Bryn Mawr College,,11,,Bryn Mawr,16
"Devry University, Colton (Inland-Empire) Center",,25,,Colton,9
Palo Alto University,,Pacific Graduate School of Psychology,2,Palo Alto,9
Seton Hall University,,Whitehead School of Diplomacy and International Relations,,South Orange,13
New York University,,Stern School of Business,,6,0
"University of Michigan, Dearborn",,"College of Arts, Sciences and Letters",,123,4
Washington University in St. Louis,,George Warren Brown School of Social Work MPH Program,,65,34
"University of Phoenix, Northern Nevada Campus, Reno",,0,,125,33
University of Oregon,,School of Music and Dance,2,128,36
"Wheaton College, Illinois",,45,,147,27
"University of Phoenix, Macon Learning Center, Macon",,0,,86,28
Northwestern University,,Northwestern Engineering Master of Project Management (MPM),,90,27
Georgetown University,,McDonough Business School,,1,2
Monterey Institute of International Studies,,Advanced Entry Master of Business Administration,,88,9
"Devry University, Manhattan Center",,25,,6,0
"University of Phoenix, Las Colinas Learning Center, Irving",,0,,47,11
Boston University,,11,,11,7
"University of Michigan, Ann Arbor",,School of Information,,122,4
"University of Phoenix, Cypress Creek Learning Center, Ft. Lauderdale",,0,,43,32
Dartmouth College,,Tuck School of Business,,29,25
"University of Phoenix, Little Rock Campus, Little Rock",,0,,111,6
"Devry University, Chicago Loop Center",,25,,31,27
Seattle University,,Albers School of Business and Economics,,101,29
George Washington University,,31,3,1,2
University of New Haven,,M.S. in Cellular Molecular Biology,,126,38
"University of Phoenix, Shreveport-Bossier Campus, Bossier City",,0,,Bossier City,42
University of Scranton,,Counseling Programs,,84,16
"University of Phoenix, Kirtland AFB Learning Center, Albuquerque",,0,,133,48
"University of Phoenix, Omaha Campus, Omaha",,0,,135,39
"Devry University, Tinley Park Campus",,25,,Tinley Park,27
"University of Phoenix, Salem Learning Center, Salem",,0,,136,36
Brandeis University,,11,,12,7
"Devry University, Orlando Campus",,25,,57,32
"University of Phoenix, East Orlando Learning Center, Orlando",,0,,57,32
Pace University,,Dyson College of Arts and Sciences,,6,0
Marywood University,,Psychology:,,84,16
Illinois Institute of Technology,,Stuart School of Business,2,31,27
Massachusetts Institute of Technology,,Materials Science and Engineering,5,85,7
"City University of Seattle, Victoria",,22,2,22,21
"University of Phoenix, Philadelphia Campus, Wayne",,0,,Wayne,16
University of Central Oklahoma,,39,2,113,35
University of Miami,,30,,Coral Gables,32
"Devry University, Houston Galleria",,25,,7,11
"University of Phoenix, Sugar Land Learning Center, Sugar Land",,0,,Sugar Land,11
Clark University,,Graduate School Economics Department,,4,7
"University of Phoenix, Independence Learning Center, Independence",,0,,129,34
"University of Phoenix, Houston Campus, Houston",,0,,7,11
Duke University,,Fuqua School of Business,2,71,31
"Pennsylvania State University, Harrisburg",,52,,95,16
Clark University,,24,,4,7
Mississippi State University,,Master of Science in Speech-Language Pathology,,16,40
Chamberlain College of Nursing (online),,2,0,Online,
Northeastern University,,Master of Design for Sustainable Urban Environments (MDes),,11,7
Virginia Polytechnic Institute and State University,,Department of English,College of Liberal Arts and Human Sciences,146,23
"Texas A&M University, Commerce",,55,,105,11
"University of Phoenix, Elk Grove Learning Center, Elk Grove",,0,,Elk Grove,9
"Devry University, Waukesha Center",,25,,Waukesha,1
"University of Phoenix, South Orlando Learning Center, Orlando",,0,,57,32
"University of Colorado, Boulder",,"Molecular, Cellular, and Developmental Biology (MCDB)",,114,24
"University of Phoenix, Arlington Student Resource Center, Arlington",,0,,32,23
University of Portland,,Theology,,59,36
Maryland Institute College of Art,,MA in Teaching,2,79,30
"University of Phoenix, Eastern Washington Campus, Spokane",,0,,76,29
Baylor College of Medicine,,9,,7,11
"Devry University, Sugar Land (Houston) Center",,25,,Sugarland,11
"University of Hawaii, Manoa",,1,10,118,44
"University of Phoenix, North Milwaukee Student Resource Center, Glendale",,0,,44,1
"University of Phoenix, Miramar Learning Center, Miramar",,0,,53,32
Yale University,,Divinity School and Institute for Sacred Music,,149,38
"Devry University, Arlington (Crystal City) Campus",,25,,32,23
American University,,School of International Service,,1,2
"University of Phoenix, Downtown St. Louis Learning Center, St. Louis",,0,,65,34
"Devry University, Stockbridge (Henry County) Center",,25,,Stockbridge,28
University of Portland,,Drama,,59,36
Kent State University,,Department of Geology,,80,10
Maryland Institute College of Art,,Graphic Design,,79,30
Massachusetts Institute of Technology,,46,5,85,7
"City University of Seattle, Calgary",,21,2,Calgary,19
Luther Seminary,,45,,83,17
Johns Hopkins University,,School of Arts and Sciences-4610,,79,30
York College of Pennsylvania,,1,,York,16
"University of Phoenix, Bellevue Learning Center, Bellevue",,0,,36,29
Missouri University of Science and Technology,,1,,Rolla,34
Loyola University Chicago,,33,,31,27
"University of Phoenix, Colorado Campus, Lone Tree",,0,,Lone Tree,24
Henderson State University,,0,,Arkadelphia,6
"Devry University, Merrillville Center",,25,,Merrillville,3
University of Virginia,,Frank Batten School of Leadership and Public Policy,2,144,23
"Devry University, Greenwood Village (Denver South) Center",,25,,Greenwood Village,24
Howard University,,35,,1,2
University of San Francisco,,Ph.D,School of Arts and Sciences,75,9
Carson-Newman College,,20,,Jefferson City,18
Pacific Lutheran University,,0,,93,29
University of Hartford,,Excellence in Engineering and Management,,West Hartford,38
Keuka College,,41,,Keuka Park,0
University of Southern Mississippi,,Department of Foreign Language and Literature,0,142,40
"University of North Carolina, Charlotte",,Belk College of Business,,37,31
Hofstra University,,1,2,Hempstead,0
Massachusetts Institute of Technology,,Supply Chain Management,Contact school for score. IELTS only,85,7
Washington University in St. Louis,,George Warren Brown School of Social Work MSW Program,,65,34
Southern Arkansas University,,6,,Magnolia,6
"Devry University, Indianapolis Center",,25,,46,3
Golden Gate University,,Ageno School of Business,,75,9
"Devry University, Lynnwood Center",,25,,Lynnwood,29
Bloomfield College,,Institute for Technology and Professional Studies,Bachelor of Science in Nursing (RN to BSN program),Bloomfield,13
Niagara University,,1,,Niagara University,0
University of Delaware,,College of Health Sciences,2,99,26
George Washington University,,Columbian College of Arts and Sciences,3,1,2
"Devry University, Duluth (Gwinnett) Center",,25,,40,28
"Auburn University, Auburn",,7,,5,8
"University of Phoenix, Dallas Campus, Dallas",,0,,Dallas,11
"University of Michigan, Ann Arbor",,64,,122,4
Carnegie Mellon University,,Master of Science in Computational Finance,2,17,16
Columbia University,,Teacher's College,,6,0
University of Texas Medical Branch,,9,,143,11
Widener University,,Center for Education,,148,16
"University of Phoenix, Washington D.C. Campus, Washington",,0,,1,2
University of San Francisco,,31,,75,9
"Temple University, Japan Campus",,1,2,Tokyo,
Widener University,,49,,148,16
"University of Phoenix, Greensboro Learning Center, Greensboro",,0,,Greensboro,31
"University of Minnesota, Twin Cities",,Carlson School of Management,,15,17
"University of Phoenix, Cedar Hill Resource Center, Cedar Hill",,0,,91,11
"University of Phoenix, Lancaster Learning Center, Lancaster",,0,,Lancaster,9
"Devry University, Fremont Campus",,25,,41,9
"University of California, Davis",,25,,Davis,9
University of Pittsburgh,,Swanson School of Engineering,,17,16
"Devry University, Miramar Campus",,25,,53,32
"Devry University, Ft. Washington Campus",,25,,Ft. Washington,16
University of Virginia,,7,4,144,23
Pace University,,Pace University-Lenox Hill Hospital Physician Assistant Program,,6,0
"University of North Carolina, Wilmington",,Cameron School of Business,,127,31
"University of Phoenix, North Valley Learning Center - Chico, Chico",,0,,Chico,9
Loma Linda University,,School of Allied Health Professions,,81,9
University of Oregon,,3,2,128,36
"University of Phoenix, West Florida Campus, Tempe Terrace",,0,,Tempe Terrace,32
"Texas A&M University, Commerce",,Biological Sciences,,105,11
"University of Phoenix, Kapolei Learning Center, Kapolei",,0,,Kapolei,44
"Devry University, Philadelphia (Center City) Center",,25,,58,16
University of Central Oklahoma,,Jackson College of Graduate Studies,,113,35
"Devry University, Nashville Campus",,25,,54,18
"California Baptist University, Hesperia",,17,,Hesperia,9
Georgetown University,,11,,1,2
"University of Colorado, Boulder",,54,,114,24
University of Pittsburgh,,13,,17,16
"University of Minnesota, Twin Cities",,13,,15,17
"City University of Seattle, Vancouver, Canada",,22,2,21,20
"Devry University, Naperville Center",,25,,Naperville,27
"University of Texas, Austin",,McCombs School of Business,MPA Only,34,11
"University of Massachusetts, Boston",,63,,11,7
Oral Roberts University,,School of Theology and Ministry,,92,35
"University of Phoenix, Northwest Learning Center, Phoenix",,0,,3,5
New York University,,48,4,6,0
Doane College,,Master of Arts in Counseling,,68,37
"University of Phoenix, Downtown Minneapolis Learning Center, Minneapolis",,0,,15,17
Nova Southeastern University,,H. Wayne Huizenga School of Business and Entrepreneurship,,43,32
"University of Michigan, Ann Arbor",,7,,122,4
Northeastern University,,Sciences in Marine Biology,,11,7
"University of Washington, Bothell",,65,,Bothell,29
"University of Phoenix, Jersey City Campus, Jersey City",,0,,Jersey City,13
University of South Carolina,,Geological Sciences,,130,22
"University of Nevada, Reno",,39,9,125,33
University of Houston,,28,2,7,11
Johns Hopkins University,,Carey Business School,,79,30
University of Houston,,UH Law Center,,7,11
"Devry University, Richardson Center",,25,,Richardson,11
"University of Phoenix, Detroit Campus, Troy",,0,,Troy,4
St. Mary's University,,Bill Greehey School of Business,,61,11
"University of Phoenix, Arlington Learning Center, Arlington",,0,,32,23
"Devry University, Jacksonville Campus",,25,,48,32
Virginia Polytechnic Institute and State University,,College of Science,,146,23
New School (The),,Master of Fine Arts Program in Creative Writing,,6,0
"Baruch College, City University of New York (CUNY)",,Division of Continuing and Professional Studies,,6,0
Massachusetts Institute of Technology,,Computational and Systems Biology,6,85,7
Carnegie Mellon University,,19,,17,16
"University of Phoenix, Jackson Campus, Flowood",,0,,Flowood,40
"Devry University, Portland Campus",,25,,59,36
Fordham University,,School of Social Service,,6,0
"University of Phoenix, McAllen Campus, Allen",,0,,Allen,11
"University of Maryland, College Park",,Robert H. Smith School of Business,,College Park,30
Mississippi State University,,28,"Department of Curriculum, Instruction, and Special Education (MA, Ph.D.)",87,40
"Indiana University, East",,School of Social Work (Master of Social Work),,78,3
New York University,,Robert F. Wagner Graduate School of Public Service,2,6,0
Washington University in St. Louis,,Olin Business School,,65,34
"University of Colorado, Boulder",,Aerospace Engineering,,114,24
"University of Phoenix, North Davis Learning Center, Clearfield",,0,,Clearfield,15
"University of Phoenix, Southern California Campus, Costa Mesa",,0,,Costa Mesa,9
University of Oregon,,28,2,128,36
University of Delaware,,3,2,99,26
Rhode Island School of Design,,Master of Fine Arts in Painting,,Providence,41
"University of Phoenix, Fairfax Learning Center, Fairfax",,0,,Fairfax,23
"University of Phoenix, Topeka Student Resource Center, Topeka",,0,,138,46
Davenport University,,1,* ESL required: 6.5,Grand Rapids,4
"University of Colorado, Boulder",,53,,114,24
"University of Michigan, Ann Arbor",,Rackham School of Graduate Studies,,122,4
Andrews University,,Department of Physical Therapy,,Berrien Springs,4
Pacific University,,51,(no subscore below 7.0),94,36
"University of Phoenix, Springfield Campus, Springfield",,0,,Springfield,34
"University of Phoenix, HEAT Center, Aberdeen",,0,,Aberdeen,30
San Francisco Art Institute,,Master of Art,,75,9
"Indiana University-Purdue University, Fort Wayne",,38,,46,3
"University of Phoenix, Magic View learning Center, Meridian",,0,,132,14
"University of Phoenix, Gardena Learning Center, Gardena",,0,,Gardena,9
"University of Colorado, Boulder",,Integrative Physiology,,114,24
University of Notre Dame,,Mendoza School of Business,11,Notre Dame,3
University of Pittsburgh,,43,,17,16
"University of Phoenix, New Mexico Campus, Albuquerque",,0,,133,48
"Texas A&M University, Kingsville",,55,,Kingsville,11
"Devry University, Orlando North Center",,25,,57,32
"Devry University, Seven Hills Campus",,25,,Seven Hills,10
Georgetown University,,Edmund Walsh School of Foreign Service,2,1,2
University of Virginia,,Mcinitre School of Commerce,,144,23
"University of Phoenix, Roseville Learning Center, Roseville",,0,,Roseville,9
Cornell University,,School of Hotel Administration,,28,0
"University of Phoenix, Taylorsville Learning Center, Salt Lake City",,0,,137,15
"University of California, Irvine",,The Paul Merage School of Business,,Irvine,9
"University of Phoenix, Pasadena Learning Center, Pasadena",,0,,74,9
University of Pennsylvania,,Graduate School of Education,,58,16
Alverno College,,Master of Arts in Education,,0,1
Union Graduate College,,1,,Schenectady,0
Massachusetts Institute of Technology,,Mechanical Engineering,6,85,7
"University of Phoenix, Henderson Learning Center, Henderson",,0,,45,33
"University of Colorado, Boulder",,Ecology and Evolutionary Biology,,114,24
"University of Colorado, Boulder",,Communications (master's and doctoral),,114,24
"University of Phoenix, Savannah Campus, Savannah",,0,,Savannah,28
Georgia State University,,Andrew Young School of Policy Studies,,33,28
New York University,,School of Professional and Continuing Studies,,6,0
Carnegie Mellon University,,Department of Chemical Engineering,,17,16
American University,,4,,1,2
"University of Phoenix, South Jordan Learning Center, South Jordan",,0,,South Jordan,15
University of Georgia,,Terry College of Business,9,19,28
Massachusetts Institute of Technology,,"History, Anthropology and Sciences, Technology/Society",,85,7
New York University,,Silver School of Social Work,4,6,0
"University of Phoenix, Virginia Beach Learning Center, Virginia Beach",,0,,97,23
"Devry University, Atlanta Cobb Galleria Center",,25,,33,28
"University of Phoenix, Fairfield Learning Center, Fairfield",,0,,73,9
"University of Michigan, Ann Arbor",,Krieger Graduate School of Arts and Sciences and Whiting School of Engineering,Chemical Engineering,122,4
University of Southern Mississippi,,College of Arts and Letters,0,142,40
"University of Phoenix, Idaho Campus, Meridian",,0,,132,14
"Baruch College, City University of New York (CUNY)",,4,,6,0
"Devry University, Federal Way Campus",,25,,Federal Way,29
University of Pittsburgh,,7,,17,16
Vanderbilt University,,35,2,54,18
"Devry University, Westminster Campus",,25,,67,24
"University of Phoenix, Southern Arizona Center",,0,,110,5
University of Pittsburgh,,School of Health and Rehabilitation,,17,16
Eastern University,,Campolo College Graduate/Professional Studies,,72,16
Lewis & Clark College,,42,,59,36
Ohio State University,,Master of Labor and Human Resources,8,16,10
"Texas A&M University, Commerce",,Agricultural Education,Master of Education,105,11
University of Delaware,,College of Education and Human Development,2,99,26
Dominican University,,Brennan School of Business,,69,27
University of Connecticut,,27,,115,38
Massachusetts Institute of Technology,,32,7,85,7
"University of Colorado, Boulder",,Business (doctoral),,114,24
"Arizona State University, Mesa",,5,1,2,5
"University of North Carolina, Chapel Hill",,Kenan-Flagler Business School,,Chapel Hill,31
Baldwin-Wallace College,,1,,Berea,10
College of Charleston,,0,2,Charleston,22
"University of Phoenix, Birmingham Campus, Birmingham",,0,,109,8
University of Houston,,62,2,7,11
"University of Colorado, Boulder",,Spanish,,114,24
New School (The),,"Milano School of International Affairs, Management, and Urban Policy",,6,0
Santa Clara University,,10,,100,9
University of Denver,,Korbel School of International Studies,2,25,24
"University of Phoenix, Des Moines Campus, West Des Moines",,0,,West Des Moines,45
"Indiana University-Purdue University, Fort Wayne",,Kelley School of Business,,46,3
"University of Phoenix, Westlake Learning Center, Westlake",,0,,Westlake,10
Emory University,,Goizueta School of Business,,33,28
University of Houston,,55,2,7,11
University of Pittsburgh,,1,12,17,16
University of Delaware,,"Department of Health, Nutrition, and Exercise Sciences",Master's Degree (MS) Program In Human Nutrition,99,26
Lake Erie College,,1,,Painesville,10
"Arizona State University, Phoenix",,5,1,3,5
University of Portland,,Engineering,,59,36
Massachusetts Institute of Technology,,Microbiology,Interdisciplinary Programs: (7.0 preferred) (IELTS preferred),85,7
"University of Phoenix, Beale AFB Learning Center, Beale AFB",,0,,Beale AFB,9
"University of Phoenix, Richmond Campus, Richmond",,0,,78,23
"Devry University, Pittsburgh Campus",,25,,17,16
Chapman University,,Argyros School of Business and Economics,,20,9
Boise State University,,Business Graduate Programs,,9,14
Marywood University,,Communication Arts,,84,16
Massachusetts Institute of Technology,,Civil and Environmental Engineering,2,85,7
"Mercer University, Main Campus",,Eugene W. Stetson School of Business and Economics,,86,28
"University of Phoenix, Woodland Hills Learning Center, Woodland Hills",,0,,Woodland Hills,9
Duke University,,Nicholas School of the Environment,,71,31
Pace University,,15,,6,0
Tufts University,,58,,107,7
Illinois Institute of Technology,,37,,31,27
"University of Phoenix, Minneapolis/ St. Paul Campus, St. Louis Park",,0,,St. Louis Park,17
"University of Phoenix, Lansing Learning Center, Lansing",,0,,Lansing,4
Arkansas State University,,6,,Jonesboro,6
"City University of Seattle, University of International Business and Economics",,1,2,Beijing,
Arkansas Tech University,,0,,Russellville,6
Washburn University,,0,,138,46
"University of Phoenix, Owasso Learning Center, Owasso",,0,,Owasso,35
Boston College,,12,,10,7
Harvard Business School,,34,,11,7
Weber State University,,Master of Education Program,,Ogden,15
University of Dallas,,1,,47,11
"University of Phoenix, North Milwaukee Learning Center, Milwaukee",,0,,0,1
Framingham State University,,1,,Framingham,7
Loma Linda University,,38,,81,9
"University of Missouri, Kansas City",,Henry W. Bloch School of Management,PhD in Entrepreneurship and Innovation: contact school for score,49,34
"University of Phoenix, Rancho Cordova Learning Center, Rancho Cordova",,0,,Rancho Cordova,9
"Devry University, Houston Campus",,25,,7,11
"University of Phoenix, Florence KY Learning Center, Florence",,0,,Florence,12
Columbia University,,Business School Doctoral Program,2,6,0
Alverno College,,2,,0,1
New York Medical College,,"School of Health Sciences and Practice, Master in Public Health",,89,0
"City University of Seattle, Edmonton",,21,2,Edmonton,19
Massachusetts Institute of Technology,,40,School of Science: Contact school for score,85,7
University of Scranton,,Human Resources Administration,,84,16
Willamette University,,Atkinson Graduate School of Management,,136,36
New York University,,"College of Dentistry, Advanced Programs for International Dentists",Contact College of Dentistry for score,6,0
"University of Phoenix, Corona Student Resource Center, Corona",,0,,Corona,9
Cornell University,,Johnson School of Management,,28,0
Saint Vincent College,,41,,Latrobe,16
Delaware State University,,Master of Science in Sports Administration,2,30,26
University of Kentucky,,Gatton College of Business and Economics,Ph.D.,Lexington,12
"University of Maryland University College, Adelphi (UMUC Headquarters), Adelphi",,Graduate School of Management and Technology,,Adelphi,30
University of Pittsburgh,,57,,17,16
Fuller Theological Seminary,,Master's program,,74,9
Regent University,,School of Business & Leadership,,97,23
Pace University,,Lubin School of Business,9,6,0
Kent State University,,Master of Science in Financial Engineering,,80,10
George Washington University,,School of Public Health and Health Services,,1,2
New York University,,Tisch School of the Arts,2,6,0
University of Scranton,,52,,84,16
Fairfield University,,Dolan School of Business Master of Business Administration,,73,38
"University of Phoenix, Mililani Learning Center, Mililani",,0,,Mililani,44
Columbia University,,Graduate School of Journalism,,6,0
"Carnegie Mellon University, Greece",,19,2,19,
"University of Phoenix, Charlotte East Student Resource Center, Charlotte",,0,,37,31
New York Medical College,,Doctor of Public Health in Epidemiology (DrPH),,89,0
University of Florida,,Hough Graduate School of Business,,117,32
Seton Hall University,,Master of Arts in Writing Popular Fiction,,102,16
"University of Phoenix, Burlington Learning Center, Burlington",,0,,Burlington,7
Doane College,,Initial Program at the Advanced Level for Certification,,68,37
"University of Phoenix, Ann Arbor Learning Center, Ann Arbor",,0,,122,4
"City University of Seattle, CU-TEI Piraeus Program",,MS Computer Systems,2,19,
"University of Phoenix, Brookstone Learning Center, Columbus",,0,,16,28
University of Denver,,Graduate Tax Program,2,25,24
"University of Phoenix, Kansas City Campus, Kansas City",,0,,49,34
"University of Phoenix, Lenexa Learning Center, Lenexa",,0,,Lenexa,46
"University of Phoenix, Fairfield County Campus, Norwalk",,0,,Norwalk,38
Pace University,,Seidenberg School of Computer Science and Information Systems,,6,0
"Devry University, Chicago Campus",,25,,31,27
"City University of Seattle, Vancouver, Canada",,21,2,21,20
"University of Phoenix, Columbus-GA Campus, Columbus",,0,,16,28
"Devry University, Midtown Manhattan Campus",,25,,6,0
"University of Phoenix, Beachwood Learning Center, Beachwood",,0,,Beachwood,10
"University of Phoenix, Western Washington Campus, Tukwila",,0,,Tulkwila,29
West Coast University,,Master of Science in Occupational Therapy,,N Hollywood,9
San Francisco Art Institute,,Master of Fine Art,,75,9
"Devry University, Long Beach Campus",,25,,Long Beach,9
University of Oregon,,School of Journalism and Education,2,128,36
"University of Phoenix, East El Paso Learning Center, El Paso",,0,,El Paso,11
"University of Phoenix, Woodlands Learning Center, Spring",,0,,Spring,11
Stetson University,,30,,DeLand,32
Midland Lutheran College,,Master of Professional Accounting,(no subscore below 5.0),41,39
Mills College,,Master of Arts in English,,55,9
"Devry University, Alahambra Center",,25,,Alahambra,9
"City University of Seattle, Victoria",,21,2,22,21
Dominican University,,Graduate School of Library and Information Sciences,,69,27
"University of Phoenix, Diamond Bar Learning Center, Diamond Bar",,0,,Diamond Bar,9
"Texas A&M University, Commerce",,Agricultural Science,Master of Science,105,11
"Arizona State University, Tempe",,5,1,Tempe,5
University of Virginia,,Curry School of Education,,144,23
Syracuse University,,S.I. Newhouse School of Public Communications,,103,0
University of Arizona,,Eller College of Management,2,110,5
"Devry University, Kansas City Downtown",,25,,49,34
University of Central Arkansas,,6,Master of Accountancy,Conway,5
Illinois Institute of Technology,,36,,31,27
Monterey Institute of International Studies,,Fisher Graduate School of International Business,(no subscore below 6.0),88,9
"University of Phoenix, Mid Cities Learning Center, Hurst",,0,,Hurst,11
"Devry University, Alpharetta Campus",,25,,Alparetta,28
University of Oregon,,School of Architecture and Allied Arts,2,128,36
"Colorado State University, Pueblo",,1,,27,24
"University of Phoenix, Gwinnettt Learning Center, Duluth",,0,,40,28
"Carnegie Mellon University, Japan",,19,2,Kobe,
"University of Colorado, Boulder",,Business (master's in accounting),,114,24
"University of Phoenix, Colorado Springs Downtown, Colorado Springs",,0,,39,24
University of Pennsylvania,,Master of Biotechnology,,58,16
"University of Phoenix, Plano Student Resource Center, Plano",,0,,Plano,11
"University of Colorado, Boulder",,Mechanical Engineering (Doctoral),,114,24
Northeastern University,,49,,11,7
"University of California, Berkeley",,Haas School of Business,,Berkeley,9
"University of St. Thomas, Minneapolis",,Opus College of Business,no subscore below 6.5,15,17
Oregon Health & Science University,,43,,59,36
"University of Phoenix, St. Paul Learning Center, Woodbury",,0,,Woodbury,17
Johns Hopkins University,,Advanced Academic Programs,,79,30
Eastern University,,School of Leadership and Development,,72,16
"University of Phoenix, Covington Learning Center, Covington",,0,,Covington,42
"University of Phoenix, Concord Learning Center, Concord",,0,,Concord,9
Dartmouth College,,11,,29,25
University of Scranton,,1,,84,16
"University of Phoenix, Daytona Learning Center, Daytona Beach",,0,,Daytona Beach,32
"Stony Brook University, State University of New York (SUNY)",,School of Professional Development,,Stony Brook,0
Virginia Polytechnic Institute and State University,,MS in Biomedical Technology Development and Managemen,,146,23
"Devry University, Gurnee Center",,25,,Gurnee,27
Carnegie Mellon University,,Heinz College,,17,16
"Northwood University, Florida",,1,,West Palm Beach,32
"Indiana University, Bloomington",,1,,Bloomington,3
"Anderson University, Indiana",,"School of Nursing, MS in Nursing",0,Anderson,3
University of North Texas,,Business School,,Denton,11
"Texas A&M University, College Station",,Health Science Center,,104,11
University of San Diego,,1,School of Business Administration,62,9
"University of Phoenix, Flint Learning Center, Flint",,0,,Flint,4
University of Rochester,,School of Medicine and Dentistry,,141,0
Duke University,,7,,71,31
University of Pittsburgh,,29,12,17,16
Ohio State University,,1,Fisher College of Business: Contact school for score,16,10
"University of Phoenix, Northland Learning Center, Kansas City",,0,,49,34
Syracuse University,,College of Visual and Performing Arts,,103,0
"Devry University, Sacramento (Elk Grove) Campus",,25,,60,9
San Diego State University,,39,,62,9
"University of Phoenix, San Francisco Learning Center, San Francisco",,0,,75,9
Massachusetts Institute of Technology,,Nuclear Science & Engineering,,85,7
"University of Phoenix, Maryland Campus, Columbia",,0,,130,30
"Auburn University, Auburn",,Department of Communication and Journalism,,5,8
Duke University,,Sanford School of Public Policy,,71,31
Massachusetts Institute of Technology,,Aeronautics and Astronautics,,85,7
Dominican University,,12,,69,27
George Washington University,,School of Engineering and Applied Sciences,3,1,2
Suffolk University,,Sawyer School of Management,,11,7
"University of Phoenix, Tulsa Campus, Tulsa",,0,,92,35
Virginia Polytechnic Institute and State University,,School of Architecture and Design,Master of Landscape Architecture (MLA),146,23
Georgetown University,,Nursing and Health Science,,1,2
Harvard Business School,,Master of Business Administration Programs,,11,7
University of Portland,,Nursing,,59,36
"University of Phoenix, Des Peres Learning Center, Des Peres",,0,,Des Peres,34
"University of Colorado, Boulder",,47,,114,24
American University,,School of Communication,,1,2
"Devry University, Pomona Campus",,25,,Pomona,9
"Devry University, San Diego Campus",,25,,62,9
Lutheran School of Theology at Chicago,,Master of Theology,2,31,27
"California Baptist University, Beaumont",,17,,13,9
Johns Hopkins University,,School of Engineering-4610,,79,30
"University of Alabama, Tuscaloosa",,Manderson Graduate School of Business,,Tuscaloosa,8
"City University of Seattle, Business and Hotel Management School",,MBA Global Management,2,Lucerne,
Michigan State University,,Broad College of Business,,East Lansing,4
"Texas A&M University, Commerce",,56,,105,11
University of Scranton,,Software Engineering,,84,16
Virginia Polytechnic Institute and State University,,58,Ph.D. program,146,23
"University of Phoenix, Pleasant Grove Learning Center, Pleasant Grove",,0,,Pleasant Grove,15
Boston University,,School of Management,,11,7
"Devry University, Paramus Center",,25,,Paramus,13
"Devry University, Chesapeake (South Hampton Roads) Campus",,25,,Chesapeake,23
University of Georgia,,J.M. Tull School of of Accounting,,19,28
Widener University,,30,,148,16
Marywood University,,Biotechnology,,84,16
"University of Colorado, Boulder",,Journalism (Doctoral),,114,24
"University of Phoenix, Central Valley Campus, Fresno",,0,,42,9
"City University of Seattle, CU-TEI Piraeus Program",,MS in Project Management,2,19,
"University of Phoenix, Houston Northwest Learning Center, Houston",,0,,7,11
Houston Baptist University,,Graduate Business Programs,2,7,11
"University of Phoenix, South Austin Student Resource Center, Austin",,0,,34,11
"City University of Seattle, Vysoka Skola Financni a Spravni",,1,2,Prague,
"Northwood University, Texas",,1,,91,11
Georgia State University,,32,4,33,28
University of Texas Medical Branch,,School of Allied Health Sciences,,143,11
University of Kansas,,0,no subscore below 5.5; provisional admissions (ESL required): 5.5 (no subsocre below 5.0),120,46
Regent University,,School of Psychology & Counseling,,97,23
"University of Phoenix, Killeen Learning Center, Killeen",,0,,Killeen,11
"Devry University, Mesa Center",,25,,2,5
"University of Phoenix, Central Florida Campus, Maitland",,0,,Maitland,32
Georgia State University,,J. Mack Robinson College of Business,,33,28
"University of Phoenix, Santa Fe Learning Center, Santa Fe",,0,,Santa Fe,48
"University of Michigan, Ann Arbor",,14,,122,4
Seton Hall University,,Physician Assistant Program,,102,16
Brandeis University,,Heller Graduate School (SID Program),,12,7
"Carnegie Mellon University, Australia",,Entertainment Technology Center,,18,
University of Virginia,,43,,144,23
"University of Phoenix, Central Massachusetts Learning Center, Westborough",,0,,Westborough,7
"University of Phoenix, Louisiana Campus, Metairie",,0,,Metairie,42
"University of Phoenix, St. Louis Campus, St. Louis",,0,,65,34
University of Portland,,65,,59,36
"University of Phoenix, Cincinnati Campus, Westchester",,0,,Westchester,10
"Devry University, Columbus North Center",,25,,16,10
"University of Phoenix, Sacramento Valley Campus, Sacramento",,0,,60,9
"City University of Seattle, IntercollegeIBS - Institute of Business Studies",,1,2,Bucharest,
Florida International University,,28,,52,32
"University of Colorado, Boulder",,Mechanical Engineering (Master's),,114,24
Capital University,,1,,16,10
University of Denver,,Arts Humanities and Social Sciences,,25,24
University of Chicago,,33,,31,27
"City University of Seattle, Vysoka Skola Manazmentu",,1,2,Trencin,
"University of Massachusetts, Amherst",,7,2,121,7
Rice University,,Jesse H. Jones Graduate School of Business,,7,11
University of San Francisco,,Masagung Graduate School of Management,,75,9
University of Denver,,School of Professional Psychology,,25,24
"University of Phoenix, Southlands Learning Center, Aurora",,0,,Aurora,24
University of New Haven,,M.S. Engineering and Operations Management,,126,38
"University of Phoenix, El Centro Learning Center II, Imperial",,0,,131,9
Georgia State University,,"Department of Modern and Classical Languages MA, French, German and Spanish",2,33,28
Columbia University,,11,,6,0
"Northwood University, Michigan",,1,,Midland,4
American University,,Kogod School of Business,,1,2
"Colorado State University, Pueblo",,Masters of Science with a Major in Nursing,,27,24
"University of Colorado, Boulder",,Civil Engineering,,114,24
University of Pennsylvania,,Graduate Division of Arts & Sciences,,58,16
"University of Phoenix, East Jacksonville Learning Center, Jacksonville",,0,,48,32
"Wheaton College, Illinois",,Ph.D. Programs,,147,27
"Brigham Young University, Utah",,Marriott School of Management,,Provo,15
"University of Phoenix, Columbia South Carolina Campus, Columbia",,0,,130,22
"University of Phoenix, Pueblo Student Resource Center, Pueblo",,0,,27,24
"University of Colorado, Boulder",,60,,114,24
"Devry University, Oakland Center",,25,,55,9
"Rutgers, The State University of New Jersey, Newark",,48,,99,13
"University of Alaska, Fairbanks",,Fairbanks School of Management,,Fairbanks,43
"University of Phoenix, Indianapolis Campus, Indianapolis",,0,,46,3
"Colorado State University, Fort Collins",,6,,26,24
University of Rhode Island,,39,,140,41
Seton Hall University,,Art Therapy with Specialization in Counseling,,102,16
"University of Phoenix, Phoenix Hokoman Campus, Phoenix",,0,,3,5
San Jose State University,,Lucas Graduate School of Business,,63,9
"University of Phoenix, Chandler Learning Center, Chandler",,0,,Chandler,5
Fairfield University,,Master of Science in the Management of Technology,,73,38
"Devry University, San Jose Center",,25,,63,9
Upper Iowa University,,Master Public Administration,,145,45
Syracuse University,,School of Information Studies,2,103,0
Colorado Heights University,,1,,25,24
Florida International University,,29,,52,32
Kent State University,,40,,80,10
Mississippi State University,,8,,87,40
"University of Phoenix, Oregon Campus, Tigard",,0,,Tigard,36
"University of Phoenix, Utah Campus, Salt Lake City",,0,,137,15
Marywood University,,Business & Managerial Science,,84,16
Boston College,,11,,10,7
"University of Phoenix, South Florida Campus, Plantation",,0,,Plantation,32
University of San Francisco,,50,,75,9
"Long Island University, Post",,34,,82,0
"University of Phoenix, Lafayette, LA Campus, LaFayette",,0,,LaFayette,42
"University of Alaska, Anchorage",,"College of Business, Public Policy",2,Anchorage,43
"University of Phoenix, Turnpike Learning Center, Westminster",,0,,67,24
Loma Linda University,,School of Religion,,81,9
"University of Phoenix, San Antonio Campus, San Antonio",,0,,61,11
"University of California, San Diego",,Rady School of Management,Master of Business Administration and Ph.D programs,112,9
New School (The),,Social Research,,6,0
"Devry University, Cincinnati Campus",,25,,38,10
"University of Phoenix, Bakersfield Learning Center, Bakersfield",,0,,35,9
"University of Michigan, Ann Arbor",,Ross School of Business,,122,4
Columbia University,,Business School Master of Science Programs,2,6,0
"University of Phoenix, Madison Campus, Madison",,0,,70,1
University of Scranton,,Kania School of Managament,,84,16
"Devry University, Memphis Campus",,25,,51,18
Massachusetts Institute of Technology,,Department of Mathematics,7,85,7
Vanderbilt University,,Master of Science in Nutrition and Dietetics,2,54,18
Massachusetts Institute of Technology,,"Departent of Earth, Atmospheric and Planetary Science",7,85,7
"University of Phoenix, Tacoma Learning Center, Tacoma",,0,,93,29
University of Pennsylvania,,Computer and Information Science Graduate Programs,,58,16
University of Virginia,,Darden School of Business,,144,23
University of Louisville,,Doctor of Philosophy in Interdisciplinary Studies,,"Louisville, KY 40292",12
"University of Phoenix, Portage Learning Center, Portage",,0,,Portage,4
"University of Phoenix, Northern Virginia Campus, Reston",,0,,Reston,23
Massachusetts Institute of Technology,,Operations Research,(IELTS preferred),85,7
"University of Phoenix, Visalia Learning Center, Visalia",,0,,Visalia,9
"University of Phoenix, West Loop Learning Center, Houston",,0,,7,11
"University of California, San Diego",,Graduate School of International Relations & Pacific Studies,,112,9
Tufts University,,"Graduate Arts, Sciences and Engineering",,107,7
Boston University,,14,,11,7
"University of Phoenix, Lathrop Learning Center, Lathrop",,0,,Lathrop,9
"Devry University, Decatur Campus",,25,,Decatur,28
"University of Nevada, Las Vegas",,William F. Harrah College of Hotel Administration,,124,33
University of New Haven,,M.S. Environmental Engineering,,126,38
Yale University,,School of Forestry and Environmental Studies,2,149,38
University of New Hampshire,,Whitmore School of Business and Economics,,71,25
"University of Phoenix, Miami Learning Center, Miami",,0,,52,32
Massachusetts Institute of Technology,,Master of Engineering in Manufacturing,Contact school for score (IELTS preferred),85,7
"Devry University, Manassas Center",,25,,50,23
Brandeis University,,SLIFKA Program in Intercommunal Coexistence,,12,7
"Devry University, King of Prussia Center",,25,,King of Prussia,16
University of Portland,,Music,,59,36
University of Arizona,,59,,110,5
Massachusetts Institute of Technology,,26,7,85,7
University of Kansas,,Graduate Teaching Assistant,Speaking,120,46
University of Indianapolis,,0,,46,3
Massachusetts Institute of Technology,,Center for Real Estate,6,85,7
"Auburn University, Auburn",,6,,5,8
Columbia Southern University,,Doctor of Business Administration,,Orange Beach,8
"University of Phoenix, Palm Desert Learning Center, Palm Desert",,0,,Palm Desert,9
"University of Phoenix, O'Fallen Learning Center, O'Fallon",,0,,O'Fallon,34
"University of Phoenix, Chicago Campus, Schaumburg",,0,,Schuamburg,27
Spring Hill College,,1,,Mobile,8
"Devry University, Colorado Springs Center",,25,,39,24
University of Iowa,,College of Dentistry,,119,45
University of Redlands,,Master of Science in Geographic Engineering Systems,,Redlands,9
University of Pittsburgh,,14,,17,16
"University of Phoenix, Knoxville Campus, Knoxville",,0,,Knoxville,18
"University of Phoenix, La Palma Learning Center, La Palma",,0,,La Palma,9
Santa Clara University,,Leavey School of Business,,100,9
Metropolitan State University,,Master of Science in Computer Science,,83,17
"Richmond, The American International University in London",,Master in International Relations,2,98,
"University of Massachusetts, Boston",,M.Ed. School of Counseling,2,11,7
"University of Phoenix, Marietta Learning Center, Marietta",,0,,Marietta,28
"University of Massachusetts, Boston",,Master of Arts in Applied Linguistics,2,11,7
"University of Phoenix, Clear Lake Learning Center, Houston",,0,,7,11
George Washington University,,Graduate School of Human Development,3,1,2
Capital University,,Graduate Nursing,,16,10
Doane College,,Master of Arts in Management,,68,37
"California Baptist University, Chino",,17,,Chino,9
"University of Phoenix, Hillsboro Learning Center, Hillsboro",,0,,Hillsboro,36
"Devry University, St. Louis Campus",,25,,65,34
"University of Massachusetts, Amherst",,15,,121,7
"University of Colorado, Boulder",,Environmental Studies,,114,24
"Devry University, Fresno Campus",,25,,42,9
"Devry University, Oxnard Center",,25,,Oxnard,9
"University of Phoenix, Lower Burcks County Learning Center, Levittown",,0,,Levittown,16
"University of Phoenix, Idaho Falls Student Center, Idaho Falls",,0,,Idaho Falls,14
Capital University,,School of Management and Leadership,,16,10
Claremont Graduate University,,The Peter F. Drucker and Masatoshi Ito Graduate School of Management,6.5-7.0,Claremont,9
Georgia State University,,Institute of Public Health,2,33,28
University of Iowa,,Henry B. Tippie School of Management,,119,45
Columbia University,,School of International and Public Affairs,,6,0
University of Connecticut,,33,,115,38
"University of Phoenix, Tinley Park Learning Center, Mokena",,0,,Mokena,27
"University of Phoenix, Santa Teresa Learning Center, Santa Teresa",,0,,Santa Teresa,48
"Devry University, Addison Campus",,25,,Addison,27
"University of Houston, Victoria",,30,,22,11
"University of Phoenix, Hawaii Campus, Honolulu",,0,,118,44
"Devry University, Miami Center",,25,,52,32
Mississippi State University,Mississippi University for Women,28,,87,40
"University of Phoenix, Columbus Ohio Campus, Columbus",,0,,16,10
"University of Texas, Tyler",,61,2,Tyler,11
Loma Linda University,,27,,81,9
Gonzaga University,,33,,76,29
Pacific University,,27,,94,36
Mississippi State University,,39,2,87,40
University of Memphis,,Master of Science and Ph.D. in Computer Science,,51,18
Western Kentucky University,,Gordon Ford College of Business,9,Bowling Green,12
"University of Colorado, Boulder",,"Technology, Media and Society (ATLAS)",,114,24
Northwestern University,,"Kellogg School of Management, Ph.D. Program",,90,27
"University of Michigan, Ann Arbor",,42,,122,4
University of Pittsburgh-Carnegie Mellon University,,Ph.D. Joint Program in Computational Biology,,17,16
Boston University,,16,,11,7
Pepperdine University,,School of Public Policy,,96,9
"Carnegie Mellon University, Portugal",,19,2,Lisbon,
"University of Phoenix, Greenbelt Learning Center, Greenbelt",,0,,Greenbelt,30
Florida Atlantic University,,Barry Kaye College of Business,2,Boca Raton,32
Northern Arizona University,,W.A. Franke College of Business,,Flagstaff,5
Yale University,,11,,149,38
College of William and Mary (The),,1,,24,23
Florida International University,,School of Computing and Information Sciences,,52,32
Xavier University,,1,,38,10
Alverno College,,1,,0,1
"University of Phoenix, Cascades Learning Center, Portland",,0,,59,36
Shenandoah University,,"Harry F. Byrd, Jr. School of Business",,Winchester,23
"University of Colorado, Boulder",,Engineering Management,,114,24
Marywood University,,Nutrition:,,84,16
University of Pennsylvania,,Fels School of Government,2,58,16
University of Houston,,College of Natural Sciences,2,7,11
Milligan College,,1,,Milligan College,18
"St. John's University, Queens",,Peter J. Tobin College of Business,2,Queens,0
"University of Phoenix, Palm Beach Gardens Learning Center",,0,,Palm Beach Gardens,32
"Texas A&M University, Commerce",,54,,105,11
"Devry University, Tampa Bay Campus",,25,,66,32
"University of Hawaii, Manoa",,U.S. International Master of Business Administration,10,118,44
Kent State University,,The School of Library and Information Science,,80,10
University of Denver,,Daniels College of Business,,25,24
Vanderbilt University,,Owen Graduate School of Management,,54,18
"University of Phoenix, Oakleaf Learning Center, Jacksonville",,0,,48,32
"Auburn University, Auburn",,8,,5,8
"University of Phoenix, Timonium Learning Center, Timonium",,0,,Timonium,30
"Devry University, Sherman Oaks Campus",,25,,Sherman Oaks,9
"University of Colorado, Boulder",,Theater,,114,24
Virginia Polytechnic Institute and State University,,College of Agriculture and Life Sciences,,146,23
DePaul University,,College of Computing and Digital Media,,31,27
University of Connecticut,,57,depending on program (contact department),115,38
"Carnegie Mellon University, Australia",,"Heinz School, School of Public Policy and Management",,18,
Massachusetts Institute of Technology,,MIT-Woods Hole Oceanographic,,85,7
University of North Texas Health Science Center,,9,,106,11
University of Portland,,Communication Studies,,59,36
"University of Phoenix, North Florida Learning Center, Jacksonville",,0,,48,32
Manhattan School of Music,,Doctorate of Musical Arts,,6,0
Capital University,,Graduate Music,,16,10
"University of Phoenix, Puerto Rico Campus, Guaynabo",,0,,Guaynabo,47
Dartmouth College,,Dartmouth Institute for Health Policy & Clinical Practice,2,29,25
"Devry University, Austin Campus",,25,,34,11
"University of Phoenix, Lynnwood Learning Center, Seattle",,0,,101,29
University of Pittsburgh,,15,,17,16
Massachusetts Institute of Technology,,47,,85,7
University of Delaware,,MS Accounting,Alfred Lerner College of Business and Economics,99,26
"Devry University, Irving Campus",,25,,47,11
"Devry University, Chicago O'Hare Center",,25,,31,27
"University of Hawaii, Hilo",,61,,Hilo,44
"University of Phoenix, Rockville Learning Center, Rockville",,0,,Rockville,30
Chapman University,,Conservatory of Motion Pictrures,,20,9
University of Scranton,,Master of Health Administration,,84,16
Alfred University,,Master of Fine Arts,,Alfred,0
"Devry University, Anaheim Center",,25,,Anaheim,9
"University of Phoenix, San Diego Campus, San Diego",,0,,62,9
Assumption College,,1,,4,7
"University of Maryland, Baltimore",,7,MS,79,30
Delaware State University,,Master of Arts in Educational Leadership,2,30,26
"University of Phoenix, Escorial Learning Center, Carolina",,0,,Carolina,47
Luther Seminary,,44,,83,17
"University of Phoenix, Plainfield Learning Center, Plainfield",,0,,Plainfield,3
University of Cincinnati,,6,,38,10
"University of Phoenix, Windsor Park Learning Center, Windcrest",,0,,Windcrest,11
"University of Phoenix, Mesa Learning Center, Mesa",,0,,2,5
Johns Hopkins University,,15,,79,30
Massachusetts Institute of Technology,,Sloan School of Management,Ph.D. Program: 7.0,85,7
Virginia Polytechnic Institute and State University,,52,,146,23
"University of Phoenix, Snellville Learning Center, Snellville",,0,,Snellville,28
"California State University, Fullerton",,1,,14,9
"University of Phoenix, Whichita Campus, Whichita",,0,,139,46
"Devry University, Cherry Hill Center",,25,,Cherry Hill,13
Illinois State University,,Master's in English,,Normal,27
"University of Phoenix, Tri Cities Student Resource Center, Kennewick",,0,,Kennewick,29
University of Houston,,C.T. Bauer College of Business,,7,11
"University of Phoenix, Dekalb Learning Center, Atlanta",,0,,33,28
Regent University,,15,,97,23
University of Delaware,,16,2,99,26
SIT Graduate Institute,,20,,Brattleboro,VT
Boston University,,13,,11,7
Johns Hopkins University,,School of Medicine (Ph.D.),,79,30
California Lutheran University,,0,,Thousand Oaks,9
"Devry University, Bethesda Center",,25,,Bethesda,30
Alverno College,,Master of Science in Community Psychology,,0,1
Boston College,,Carroll School of Management,,10,7
"University of Michigan, Ann Arbor",,Taubman School - Architecture,,122,4
Massachusetts Institute of Technology,,Media Arts and Sciences,5,85,7
University of Pittsburgh,,Dietreich College - Arts and Sciences,,17,16
"University of Phoenix, Charlotte North Learning Center, Charlotte",,0,,37,31
"Devry University, North Brunswick Campus",,25,,North Brunswick,13
"University of Phoenix, Asheville Learning Center, Asheville",,0,,Asheville,31
"University of Michigan, Ann Arbor",,Public Health,,122,4
"University of Phoenix, West Oklahoma City Learning Center, Oklahoma City",,0,,56,35
"University of Colorado, Boulder",,Linguistics,,114,24
University of Florida,,Warrington College of Business Administration,,117,32
University of San Francisco,,45,School of Education,75,9
University of Texas Medical Branch,,7,,143,11
"University of Phoenix, Franklin Learning Center, Franklin",,0,,Franklin,18
"University of Houston, Victoria",,50,2,22,11
Minot State University,,6,,Minot,ND
"University of Minnesota, Twin Cities",,School of Journalism and Mass Communication,2,15,17
University of Pittsburgh,,27,,17,16
Georgia State University,,College Of Education,,33,28
"Carnegie Mellon University, Australia",,"Heinz School, School of Information Systems and Management",,18,
University of Houston,,51,2,7,11
"California Baptist University, Riverside",,17,,Riverside,9
"University of Phoenix, Atlanta Campus, Sandy Springs",,0,,Sandy Springs,28
Widener University,,School of Hospitality Management,,148,16
University of Rochester,,Warner School of Education,2,141,0
University of Pennsylvania,,Graduate School of Design,,58,16
"University of Phoenix, Las Vegas Campus, Las Vegas",,0,,124,33
"University of Phoenix, Northwest Learning Center, Las Vegas",,0,,124,33
"University of Phoenix, McDonough Learning Center, McDonough",,0,,McDonough,28
"University of Phoenix, Southfield Learning Center, Southfield",,0,,64,4
Tulane University,,Freeman School of Business,2,108,42
University of New Haven,,M.S. Electrical Engineering,,126,38
"University of Phoenix, Murfreesboro Learning Center, Murfreesboro",,0,,Murfreesboro,18
"University of Phoenix, Oakland Learning Center, Oakland",,0,,55,9
Syracuse University,,Maxwell School,,103,0
Massachusetts Institute of Technology,,Harvard-MIT Division of Health Sciences and Technology,IELTS strongly preferred,85,7
"City University of Seattle, Victoria",,23,2,22,21
University of Arkansas For Medical Sciences,,59,,111,6
"University of Phoenix, Monroeville Learning Center, Pittsburgh",,0,,17,16
Boise State University,,10,,9,14
University of New Haven,,M.S. Network Systems,,126,38
"Auburn University, Auburn",,0,,Montgomery,8
"University of Phoenix, Livermore Learning Center, Livermore",,0,,Livermore,9
University of Baltimore,,International MS in Health Systems,2,79,30
Wesleyan University,,Graduate Liberal Studies Program,,Middletown,38
"College of Staten Island, City University of New York (CUNY)",,Business Management,,23,0
University of New Haven,,MS. in Professional Education,,126,38
"Devry University, Oklahoma City Campus",,25,,56,35
"University of Phoenix, Downtown Detroit Student Resource Center, Detroit",,0,,Detroit,4
University of Denver,,University College,,25,24
Massachusetts Institute of Technology,,Biological Engineering,5,85,7
"University of Colorado, Boulder",,Electrical Engineering,,114,24
University of Pennsylvania,,Annenberg School of Communications,2,58,16
Tufts University,,Fletcher School of Law and Diplomacy,,107,7
"Devry University, Bellevue (Seattle) Center",,25,,36,29
American University,,3,,1,2
"University of Phoenix, Pittsburgh Campus, Pittsburgh",,0,,17,16
Tufts University,,Cummings School of Veterinary Medicine,2,107,7
Vanderbilt University,,49,,54,18
Syracuse University,,Whitman School of Management,,103,0
Massachusetts Institute of Technology,,Linguistics & Philosophy,,85,7
Massachusetts Institute of Technology,,Engineering Systems Division,5,85,7
"University of Phoenix, El Centro Learning Center, Imperial",,0,,131,9
"University of Wisconsin, Madison",,Wisconsin School of Business,11,70,1
"Adelphi University, Garden City",,0,,Garden City,0
"University of Phoenix, Sarasota Learning Center, Sarasota",,0,,Sarasota,32
"University of Phoenix, Modesto Learning Center - Salida, Modesto",,0,,Modesto,9
"Devry University, Dayton Center",,25,,Dayton,10
Biola University,,Applied Linguistics and TESOL,,La Mirada,9
University of Delaware,,College of Agriculture and Natural Resources,2,99,26
"University of Phoenix, Stonecrest Learning Center, San Diego",,0,,62,9
"University of Michigan, Dearborn",,College of Engineering and Computer Science,,123,4
New York Medical College,,Doctor of Physical Therapy (DTP),,89,0
University of Findlay,,6,2,116,10
Massachusetts Institute of Technology,,Technology and Policy Program,5,85,7
Georgetown University,,McCourt School of Public Policy,,1,2
"University of Colorado, Boulder",,Telecommunications,,114,24
"University of Phoenix, Culver City Learning Center, Culver City",,0,,Culver City,9
University of South Carolina,,Moore School of Business,,130,22
Virginia Polytechnic Institute and State University,,Pamplin College of Business,,146,23
Massachusetts Institute of Technology,,Department of Brain/Cognitive Science,School of Science: (IELTS preferred),85,7
"Pennsylvania State University, Harrisburg",,American Studies,,95,16
"University of Phoenix, Ontario Learning Center, Ontario",,0,,Ontario,9
University of the Pacific,,Thomas J. Long School of Pharmacy and Health Sciences,Pharm.D.: * ESL required: 5.0,Stockton,9
"University of Phoenix, Whichita Student Resource Center, Whichita",,0,,139,12
University of Virginia,,3,,144,23
University of Findlay,,20,,116,10
"University of Phoenix, Greenville Learning Center, Greenville",,0,,Greenville,22
University of South Dakota,,0,,Vermillion,SD
Upper Iowa University,,1,,145,45
Johns Hopkins University,,7,,79,30
Lamar University,,Ph.D. programs,,13,11
"University of Phoenix, Town Center Learning Center, Southfield",,0,,64,4
University of Pittsburgh,,School of Public and International Affairs,,17,16
"Purdue University, Calumet",,1,,Hammond,3
"Devry University, Edina Campus",,25,,Edina,17
"University of Phoenix, Chattanooga Campus, Chattanooga",,0,,Chattanooga,18
"University of Phoenix, St. Petersburg/ Clearwater Learning Center, Clearwater",,0,,Clearwater,32
"University of Phoenix, Cleveland Campus, Independence",,0,,129,10
"University of Phoenix, El Centro Learning Center III, El Centro",,0,,El Centro,9
"University of Phoenix, Charlotte Campus, Charlotte",,0,,37,31
"University of Phoenix, Downtown Chicago Learning Center, Chicago",,0,,31,27
Johns Hopkins University,,Bloomberg School of Public Health,,79,30
"University of Colorado, Boulder",,Journalism (Master's),,114,24
University of Pennsylvania,,7,,58,16
Boston University,,15,(7.0 for TESOL),11,7
Emory University,,26,2,33,28
Upper Iowa University,,Master of Higher Education Administration,,145,45
"University of Phoenix, Macomb Learning Center, Clinton Township",,0,,Clinton Township,4
"University of Phoenix, Philadelphia Financial District Learning Center",,0,,58,16
"College of Staten Island, City University of New York (CUNY)",,Mental Health Counseling,,23,0
Massachusetts Institute of Technology,,Science Writing,,85,7
University of Baltimore,,International Master of Public Administration,2,79,30
"University of Phoenix, Augusta Campus, Augusta",,0,,Augusta,28
"Devry University, Charlotte Campus",,25,,37,31
"University of Colorado, Boulder",,56,,114,24
Fairfield University,,Graduate School of Education and Allied Professions,,73,38
New School (The),,General Studies,,6,0
Emory University,,Rollins School of Public Health,,33,28
University of Denver,,Master of Taxation,,25,24
University of Denver,,Morgridge College of Education,2,25,24
"University of Phoenix, Washington Learning Center, Washington",,0,,1,16
Loma Linda University,,43,,81,9
"Devry University, Tampa East Center",,25,,66,32
University of Delaware,,"College of Earth, Ocean and Environment",2,99,26
"University of Arkansas, Fayetteville",,Sam Walton College of Business,(contact school for subscore minimums),Fayetteville,6
College of William and Mary (The),,Mason School of Business,,24,23
Monterey Institute of International Studies,,1,(two-year),88,9
"University of Phoenix, Manassas Learning Center, Manassas",,0,,50,23
Loma Linda University,,13,,81,9
University of Delaware,,Alfred Lerner College of Business and Economics,,99,26
"Devry University, Columbus Campus",,25,,16,10
"Devry University, Milwaukee Campus",,25,,0,1
Northeastern University,,College of Social Sciences and Humanities,2,11,7
"Devry University, Bakersfield Center",,25,,35,9
Northeastern University,,School of Journalism,,11,7
Fairleigh Dickinson University,,27,2,Teaneck,13
"University of Phoenix, Nashville Campus, Nashville",,0,,54,18
"Devry University, Henderson Campus",,25,,45,33
Kent State University,,39,,80,10
Columbia University,,7,2,6,0
"University of Wisconsin, Stout",,63,MS Degree in Technology Managament,Menomonie,1
University of Houston,,Cullen College of Engineering,2,7,11
"University of Phoenix, West Valley Learning Center, Phoenix",,0,,3,5
Tufts University,,57,,107,7
"Pennsylvania State University, University Park",,Smeal College of Business,9,University Park,16
University of Oklahoma,,Michael F. Price College of Business,,Norman,35
"University of Phoenix, Harrisburg Campus, Harrisburg",,0,,95,16
Ohio State University,,Master of Business Operational Excellence,8,16,10
New York University,,Gallatin School of Individualized Study,4,6,0
"Devry University, Southfield Campus",,25,,64,4
Loma Linda University,,School of Science and Technology,,81,9
"University of Michigan, Ann Arbor",,Public Policy,,122,4
"Devry University, Ft. Worth Center",,25,,Ft. Worth,11
Brandeis University,,International Business School,,12,7
Drexel University,,Master of Science in Finance,2,58,16
"University of Phoenix, Oklahoma City Campus, Oklahoma City",,0,,56,35
"University of Phoenix, Baton Rougue Campus, Baton Rouge",,0,,Baton Rouge,42
George Washington University,,School of Medicine and Health Science,,1,2
"University of Colorado, Boulder",,Dance,,114,24
Florida International University,,School of Hospitality and Tourism Management,,52,32
Northeastern University,,D'Amore-McKim School of Business,2,11,7
"University of Phoenix, Boston Campus, Braintree",,0,,Braintree,7
University of New Haven,,M.S. Computer Engineering,,126,38
"Devry University, Morrisville Campus",,25,,Morrisville,31
Tulane University,,School of Public Health and Tropical Medicine,2,108,42
Massachusetts Institute of Technology,,Electrical Engineering and Computer Science,6,85,7
"University of Michigan, Dearborn",,6,,123,4
Columbia University,,Master of Arts Program in Climate and Society,,6,0
College of William and Mary (The),,Master of Accounting,,24,23
Azusa Pacific University,,School of Business & Management,,Azusa,9
Northeastern University,,"College of Arts, Media & Design",,11,7
Syracuse University,,Smith College of Engineering and Computer Science,2,103,0
University of San Francisco,,Office of Graduate Studies,,75,9
"University of Phoenix, Southern Colorado Campus, Colorado Springs",,0,,39,24
University of Dallas,,MS/Master of Business Administration dual degree program,,47,11
Columbia University,,Institute of Human Nutrition,"MS, Human Nutrition",6,0
Loyola Marymount University,,39,,Los Angeles,9
"University of Michigan, Dearborn",,15,,123,4
Vanderbilt University,,2,2,54,18
"Devry University, Palmdale Center",,25,,Palmdale,9
"University of Massachusetts, Amherst",,Isenberg School of Management,,121,7
University of New Haven,,Ph.D. Criminal Justice,,126,38
Northwestern University,,Medill Northwestern University - Graduate Admissions,"School of Journalism, Media, Integrated Marketing Communications",90,27
"Devry University, Downers Grove Center",,25,,Downers Grove,27
Marywood University,,Health Sciences,,84,16
Carnegie Mellon University,,"Tepper School of Business, Master of Business Administration",2,17,16
"University of Phoenix, Downtown San Diego Learning Center, San Diego",,0,,62,9
University of Houston,,62,,7,11
"City University of Seattle, Vancouver, Canada",,23,2,21,20
"University of Phoenix, Northwest Arkansas Campus, Rogers",,0,,134,6
Montclair State University,,18,,Montclair,13
Drew University,,Theological School (except Ph.D.),,70,13
University of Baltimore,,International MS in Applied Psychology,2,79,30
"Pennsylvania State University, Harrisburg",,Master of Professional Studies in Engineering Management,,95,16
